actual,proposed
0.0,0.0
0.0,0.0
0.0,0.0
0.0,0.0
0.0,0.0
0.0,0.0
0.0,0.0
-0.06908771395683289,-0.0027310510631650686
-0.0718885213136673,-0.007054971065372229
-0.07375572621822357,-0.012252777814865112
-0.07562292367219925,-0.018000658601522446
-0.08231135457754135,-0.025077247992157936
-0.08627808094024658,-0.03275193274021149
-0.0882614403963089,-0.040454842150211334
-0.09123647958040237,-0.04864446818828583
-0.09520316869020462,-0.05771651491522789
-0.09851530194282532,-0.06729518622159958
-0.10249559581279755,-0.07773881405591965
-0.10747094452381134,-0.08952293545007706
-0.11344131827354431,-0.10148212313652039
-0.11841660737991333,-0.10994936525821686
-0.12584461271762848,-0.11789698898792267
-0.13289155066013336,-0.12539426982402802
-0.13993841409683228,-0.13266633450984955
-0.14597854018211365,-0.1393224447965622
-0.15403196215629578,-0.14667721092700958
-0.16309194266796112,-0.15488457679748535
-0.15489612519741058,-0.15489034354686737
-0.16214215755462646,-0.15851625800132751
-0.16938813030719757,-0.16395218670368195
-0.17663399875164032,-0.17029309272766113
-0.1838797926902771,-0.17708644270896912
-0.19743956625461578,-0.18726299703121185
-0.20496012270450592,-0.1961115598678589
-0.2124805897474289,-0.2042960822582245
-0.21812087297439575,-0.21120847761631012
-0.22470109164714813,-0.21795478463172913
-0.22390331327915192,-0.22092904150485992
-0.22936350107192993,-0.22514627873897552
-0.23573365807533264,-0.2304399609565735
-0.24119369685649872,-0.2358168363571167
-0.24574369192123413,-0.24078026413917542
-0.26237788796424866,-0.25157907605171204
-0.2671300768852234,-0.2593545913696289
-0.27093181014060974,-0.2651432156562805
-0.2756839096546173,-0.2704135775566101
-0.2794855535030365,-0.2749495506286621
-0.2832871675491333,-0.2791183590888977
-0.311274915933609,-0.29519662261009216
-0.3153965175151825,-0.30529657006263733
-0.3184877038002014,-0.31189215183258057
-0.3195180892944336,-0.3157051205635071
-0.3195180892944336,-0.31761160492897034
-0.26082804799079895,-0.28921982645988464
-0.26082804799079895,-0.2750239372253418
-0.26082804799079895,-0.26792600750923157
-0.26082804799079895,-0.26437702775001526
-0.26082804799079895,-0.2626025378704071
-0.24041633307933807,-0.251509428024292
-0.24041633307933807,-0.24596288800239563
-0.2396358996629715,-0.24279938638210297
-0.23807501792907715,-0.24043720960617065
-0.23729458451271057,-0.2388658970594406
-0.30644071102142334,-0.2726533114910126
-0.3033873438835144,-0.2880203127861023
-0.1999959945678711,-0.2440081536769867
-0.19796237349510193,-0.2209852635860443
-0.19525088369846344,-0.20811808109283447
-0.19321726262569427,-0.20066766440868378
-0.18482241034507751,-0.19274504482746124
-0.18221034109592438,-0.1874776929616928
-0.18025128543376923,-0.18386448919773102
-0.17829221487045288,-0.18107835948467255
-0.17502710223197937,-0.17805272340774536
-0.14439891278743744,-0.161225825548172
-0.14330504834651947,-0.15226542949676514
-0.14057038724422455,-0.14641791582107544
-0.13947650790214539,-0.1429472118616104
-0.13783571124076843,-0.14039145410060883
-0.1481766253709793,-0.14428403973579407
-0.14698652923107147,-0.14563527703285217
-0.14639148116111755,-0.14601337909698486
-0.14579643309116364,-0.14590491354465485
-0.1446063369512558,-0.14525562524795532
-0.13512052595615387,-0.1401880830526352
-0.13456450402736664,-0.13737629354000092
-0.13456450402736664,-0.13597039878368378
-0.13512052595615387,-0.13554546236991882
-0.1356765478849411,-0.13561101257801056
-0.1373445987701416,-0.13647779822349548
-0.1592152863740921,-0.1478465497493744
-0.16178306937217712,-0.15481480956077576
-0.16627667844295502,-0.16228780150413513
-0.1694863736629486,-0.16588708758354187
-0.17415045201778412,-0.1700187623500824
-0.17738714814186096,-0.17370295524597168
-0.18127115070819855,-0.17748704552650452
-0.18580244481563568,-0.1816447526216507
-0.19033372402191162,-0.18598923087120056
-0.22304661571979523,-0.2045179158449173
-0.23199686408042908,-0.21825739741325378
-0.2387094646692276,-0.2284834235906601
-0.24616777896881104,-0.23732560873031616
-0.25288015604019165,-0.2451028823852539
-0.2375815212726593,-0.2413422018289566
-0.2465582638978958,-0.2439502328634262
-0.25208231806755066,-0.24801626801490784
-0.25829681754112244,-0.25315654277801514
-0.26451119780540466,-0.2588338553905487
-0.26796358823776245,-0.2633987367153168
-0.2915705740451813,-0.277484655380249
-0.29811280965805054,-0.2877987325191498
-0.30392804741859436,-0.29586338996887207
-0.30974313616752625,-0.30280324816703796
-0.31483128666877747,-0.3088172674179077
-0.30518847703933716,-0.30700287222862244
-0.3100423514842987,-0.30852261185646057
-0.31212255358695984,-0.3103225827217102
-0.31281596422195435,-0.3115692734718323
-0.3148961365222931,-0.3132326900959015
-0.3242836594581604,-0.31875818967819214
-0.3249899446964264,-0.32187405228614807
-0.3256962299346924,-0.3237851560115814
-0.3278150260448456,-0.3258000910282135
-0.3292275369167328,-0.32751381397247314
-0.3755992650985718,-0.35155653953552246
-0.37639978528022766,-0.36397817730903625
-0.3755992650985718,-0.3697887361049652
-0.3747987449169159,-0.37229374051094055
-0.27781012654304504,-0.3250519335269928
-0.2512248754501343,-0.28813838958740234
-0.2501375377178192,-0.2691379487514496
-0.24905018508434296,-0.25909408926963806
-0.2479628175497055,-0.2535284459590912
-0.24687547981739044,-0.2502019703388214
-0.2457880973815918,-0.2479950338602066
-0.22436940670013428,-0.23618221282958984
-0.22287051379680634,-0.2295263558626175
-0.2213716059923172,-0.22544898092746735
-0.21987269818782806,-0.2226608395576477
-0.21837379038333893,-0.22051730751991272
-0.24369306862354279,-0.23210519552230835
-0.24313294887542725,-0.2376190721988678
-0.24201272428035736,-0.23981589078903198
-0.24089248478412628,-0.24035419523715973
-0.2397722601890564,-0.24006322026252747
-0.2217925488948822,-0.23092788457870483
-0.22075141966342926,-0.22583965957164764
-0.2197103053331375,-0.22277498245239258
-0.21918973326683044,-0.2209823578596115
-0.21918973326683044,-0.22008605301380157
-0.19730335474014282,-0.2086946964263916
-0.19730335474014282,-0.2029990255832672
-0.19730335474014282,-0.20015119016170502
-0.1963639259338379,-0.19825755059719086
-0.19589421153068542,-0.19707587361335754
-0.1949547827243805,-0.19601532816886902
-0.22265653312206268,-0.20933593809604645
-0.22372683882713318,-0.21653138101100922
-0.22533227503299713,-0.22093182802200317
-0.22640256583690643,-0.2236672043800354
-0.22693772614002228,-0.22530245780944824
-0.2030028998851776,-0.21415267884731293
-0.20347937941551208,-0.2088160216808319
-0.20395585894584656,-0.20638594031333923
-0.20395585894584656,-0.2051708996295929
-0.20490878820419312,-0.205039843916893
-0.21461404860019684,-0.20982694625854492
-0.21511192619800568,-0.2124694436788559
-0.21560978889465332,-0.214039608836174
-0.216605544090271,-0.2153225839138031
-0.21710340678691864,-0.21621298789978027
-0.21809916198253632,-0.2171560823917389
-0.20324808359146118,-0.21020208299160004
-0.1600855439901352,-0.18514381349086761
-0.16044935584068298,-0.1727965921163559
-0.16081315279006958,-0.16680486500263214
-0.16117694973945618,-0.16399091482162476
-0.17954115569591522,-0.1717660278081894
-0.1799464076757431,-0.17585621774196625
-0.18035165965557098,-0.17810393869876862
-0.18075689673423767,-0.17943041026592255
-0.18116213381290436,-0.18029627203941345
-0.14241351187229156,-0.1613548994064331
-0.14273136854171753,-0.15204313397407532
-0.14336711168289185,-0.14770512282848358
-0.14432071149349213,-0.14601291716098785
-0.1452743113040924,-0.14564362168312073
-0.15014398097991943,-0.14789380133152008
-0.15144950151443481,-0.14967164397239685
-0.1527549922466278,-0.15121331810951233
-0.154060497879982,-0.15263691544532776
-0.15536600351333618,-0.15400145947933197
-0.15699787437915802,-0.155499666929245
-0.14560621976852417,-0.15055294334888458
-0.14740370213985443,-0.1489783227443695
-0.14890159666538239,-0.14893996715545654
-0.15099866688251495,-0.14996930956840515
-0.15309572219848633,-0.15153251588344574
-0.15650251507759094,-0.15401752293109894
-0.1586131751537323,-0.15631534159183502
-0.16102536022663116,-0.1586703509092331
-0.16343751549720764,-0.16105392575263977
-0.16615121066570282,-0.1636025756597519
-0.21907706558704376,-0.19133982062339783
-0.2222062647342682,-0.206773042678833
-0.2249443084001541,-0.21585866808891296
-0.22846461832523346,-0.22216163575649261
-0.2319849133491516,-0.2270732820034027
-0.27835947275161743,-0.25271639227867126
-0.28113776445388794,-0.2669270932674408
-0.28391605615615845,-0.2754215598106384
-0.2871573567390442,-0.2812894582748413
-0.29039862751960754,-0.2858440577983856
-0.3055165112018585,-0.29568028450012207
-0.3088887631893158,-0.30228450894355774
-0.3112974762916565,-0.3067910075187683
-0.3141879141330719,-0.3104894459247589
-0.3165965974330902,-0.31354302167892456
-0.2627622187137604,-0.28815263509750366
-0.24125847220420837,-0.2647055387496948
-0.2419806867837906,-0.2533431053161621
-0.2419806867837906,-0.24766190350055695
-0.2423417717218399,-0.24500183761119843
-0.2427028864622116,-0.24385236203670502
-0.24635188281536102,-0.24510212242603302
-0.2467184215784073,-0.24591027200222015
-0.24745146930217743,-0.2466808706521988
-0.2478179931640625,-0.24724943935871124
-0.24818451702594757,-0.2477169781923294
-0.2950763702392578,-0.271396666765213
-0.2946406304836273,-0.28301864862442017
-0.29376915097236633,-0.28839388489723206
-0.29333341121673584,-0.29086366295814514
-0.29333341121673584,-0.2920985221862793
-0.33092692494392395,-0.31151270866394043
-0.33092692494392395,-0.3212198317050934
-0.33092692494392395,-0.32607337832450867
-0.3314177393913269,-0.3287455439567566
-0.3314177393913269,-0.33008164167404175
-0.33190858364105225,-0.330995112657547
-0.37093740701675415,-0.3509662449359894
-0.3720311224460602,-0.3614986836910248
-0.373124897480011,-0.3673118054866791
-0.373124897480011,-0.37021833658218384
-0.3736717700958252,-0.3719450533390045
-0.38925623893737793,-0.38060063123703003
-0.3903938829898834,-0.3854972720146179
-0.39210036396980286,-0.3887988030910492
-0.34205591678619385,-0.3654273450374603
-0.34304556250572205,-0.3542364537715912
-0.37187525629997253,-0.36305585503578186
-0.37187525629997253,-0.3674655556678772
-0.3724116384983063,-0.36993861198425293
-0.3724116384983063,-0.3711751103401184
-0.3729480504989624,-0.3720615804195404
-0.3729480504989624,-0.3725048005580902
-0.3574502468109131,-0.36497750878334045
-0.3579636216163635,-0.3614705801010132
-0.3579636216163635,-0.35971710085868835
-0.3589903712272644,-0.3593537509441376
-0.3600171208381653,-0.35968542098999023
-0.3705211281776428,-0.36510327458381653
-0.3715732991695404,-0.36833828687667847
-0.3726254999637604,-0.3704819083213806
-0.37420374155044556,-0.3723428249359131
-0.37578198313713074,-0.3740623891353607
-0.43392235040664673,-0.4039923846721649
-0.4363417327404022,-0.42016705870628357
-0.43876105546951294,-0.42946404218673706
-0.44118040800094604,-0.43532222509384155
-0.4429948329925537,-0.43915852904319763
-0.4715675711631775,-0.45536306500434875
-0.47349098324775696,-0.46442702412605286
-0.42240166664123535,-0.4434143304824829
-0.4246774911880493,-0.4340459108352661
-0.4263843595981598,-0.43021515011787415
-0.4705367386341095,-0.4503759443759918
-0.473034530878067,-0.4617052376270294
-0.4761567711830139,-0.46893101930618286
-0.4786545932292938,-0.47379279136657715
-0.48115232586860657,-0.47747257351875305
-0.4836500585079193,-0.4805613160133362
-0.5393638610839844,-0.5099625587463379
-0.5435143709182739,-0.5267384648323059
-0.5462813377380371,-0.5365099310874939
-0.5497400164604187,-0.5431249737739563
-0.5538904070854187,-0.5485076904296875
-0.5959321856498718,-0.572219967842102
-0.5996295809745789,-0.5859247446060181
-0.6025874018669128,-0.5942561030387878
-0.6062847375869751,-0.6002703905105591
-0.6092424988746643,-0.6047564148902893
-0.6583497524261475,-0.6315531134605408
-0.6615298390388489,-0.6465414762496948
-0.6655048131942749,-0.6560231447219849
-0.6694796681404114,-0.6627513766288757
-0.6726595163345337,-0.6677054762840271
-0.7731040120124817,-0.7204047441482544
-0.7712302803993225,-0.7458175420761108
-0.7748317718505859,-0.7603246569633484
-0.7793336510658264,-0.7698291540145874
-0.7829349040985107,-0.7763820290565491
-0.8587606549263,-0.8175713419914246
-0.8636736869812012,-0.8406225442886353
-0.8676038980484009,-0.8541132211685181
-0.8705514073371887,-0.862332284450531
-0.8744814991950989,-0.8684068918228149
-0.8784113526344299,-0.8734090924263
-0.9930347204208374,-0.9332219362258911
-0.9974545240402222,-0.9653382301330566
-0.9996643662452698,-0.9825012683868408
-1.002979040145874,-0.9927401542663574
-1.0051887035369873,-0.9989644289016724
-1.0633149147033691,-1.0311397314071655
-1.0633149147033691,-1.0472272634506226
-1.0644819736480713,-1.0558546781539917
-1.0691498517990112,-1.0625022649765015
-1.0714837312698364,-1.066992998123169
-1.3484917879104614,-1.2077423334121704
-1.3470228910446167,-1.2773826122283936
-1.3499605655670166,-1.313671588897705
-1.3528982400894165,-1.3332849740982056
-1.3573042154312134,-1.3452945947647095
-1.5573174953460693,-1.4513059854507446
-1.5589995384216309,-1.5051528215408325
-1.562363624572754,-1.533758282661438
-1.562363624572754,-1.5480610132217407
-1.562363624572754,-1.5552122592926025
-1.5640455484390259,-1.559628963470459
-1.7891957759857178,-1.6744123697280884
-1.791113257408142,-1.7327628135681152
-1.7930307388305664,-1.7628967761993408
-1.7987827062606812,-1.7808398008346558
-1.8006999492645264,-1.7907698154449463
-2.0170812606811523,-1.9039255380630493
-2.0213654041290283,-1.9626455307006836
-2.0235073566436768,-1.9930765628814697
-2.0235073566436768,-2.0082919597625732
-2.0235073566436768,-2.015899658203125
-2.4711484909057617,-2.2435240745544434
-2.473745346069336,-2.3586347103118896
-2.473745346069336,-2.4161901473999023
-2.476341962814331,-2.446265935897827
-2.473745346069336,-2.460005760192871
-2.473745346069336,-2.4668755531311035
-2.884892463684082,-2.6758840084075928
-2.884892463684082,-2.780388355255127
-2.890901565551758,-2.8356449604034424
-2.8939056396484375,-2.8647751808166504
-2.8999130725860596,-2.8823442459106445
-3.1076269149780273,-2.994985580444336
-3.110826253890991,-3.052906036376953
-3.114025354385376,-3.083465576171875
-3.1076269149780273,-3.095546245574951
-3.1076269149780273,-3.1015865802764893
-3.464747428894043,-3.2831668853759766
-3.461209535598755,-3.3721883296966553
-3.461209535598755,-3.416698932647705
-3.461209535598755,-3.4389541149139404
-3.4576711654663086,-3.448312759399414
-3.6787192821502686,-3.5635159015655518
-3.6824653148651123,-3.622990608215332
-3.6824653148651123,-3.6527280807495117
-3.6824653148651123,-3.6675968170166016
-3.6824653148651123,-3.6750309467315674
-3.880425453186035,-3.777728319168091
-3.8725829124450684,-3.825155735015869
-3.8647384643554688,-3.844947099685669
-3.8686609268188477,-3.8568038940429688
-3.8686609268188477,-3.862732410430908
-3.8686609268188477,-3.865696668624878
-4.008702278137207,-3.937199592590332
-4.00465202331543,-3.970925807952881
-4.000600337982178,-3.9857630729675293
-3.996548652648926,-3.9911558628082275
-3.996548652648926,-3.993852138519287
-4.058136940002441,-4.025994300842285
-4.058136940002441,-4.042065620422363
-4.054023742675781,-4.048044681549072
-4.049910068511963,-4.048977375030518
-4.049910068511963,-4.04944372177124
-4.1889519691467285,-4.119197845458984
-4.1931915283203125,-4.156194686889648
-4.1931915283203125,-4.1746931076049805
-4.1931915283203125,-4.1839423179626465
-4.1889519691467285,-4.1864471435546875
-4.37698221206665,-4.28171443939209
-4.37698221206665,-4.329348087310791
-4.37698221206665,-4.353165149688721
-4.37698221206665,-4.3650736808776855
-4.37698221206665,-4.371027946472168
-4.37698221206665,-4.37400484085083
-4.463987827301025,-4.418996334075928
-4.459506988525391,-4.439251899719238
-4.459506988525391,-4.4493794441223145
-4.459506988525391,-4.454443454742432
-4.455025672912598,-4.4547343254089355
-4.815515041351318,-4.635124683380127
-4.820308685302734,-4.727716445922852
-4.815515041351318,-4.771615982055664
-4.810719966888428,-4.791167736053467
-4.805923938751221,-4.798545837402344
-5.2202839851379395,-5.009415149688721
-5.20997428894043,-5.109694480895996
-5.204817771911621,-5.157256126403809
-5.204817771911621,-5.181036949157715
-5.19965934753418,-5.190348148345947
-5.19965934753418,-5.195003509521484
-5.446568489074707,-5.320785999298096
-5.441202640533447,-5.3809943199157715
-5.441202640533447,-5.411098480224609
-5.451932907104492,-5.431515693664551
-5.441202640533447,-5.43635892868042
-5.690828323364258,-5.563593864440918
-5.685257911682129,-5.624425888061523
-5.690828323364258,-5.657627105712891
-5.679686069488525,-5.668656349182129
-5.679686069488525,-5.674171447753906
-5.9930572509765625,-5.833614349365234
-5.987244129180908,-5.910429000854492
-5.981428623199463,-5.945928573608398
-5.987244129180908,-5.966586589813232
-5.987244129180908,-5.97691535949707
-6.31361722946167,-6.145266056060791
-6.301506042480469,-6.223386287689209
-6.301506042480469,-6.262446403503418
-6.28938627243042,-6.27591609954834
-6.283323287963867,-6.2796196937561035
-6.610625743865967,-6.445122718811035
-6.604323387145996,-6.524723052978516
-6.604323387145996,-6.564523220062256
-6.604323387145996,-6.584423065185547
-6.598017692565918,-6.591220378875732
-6.591710090637207,-6.591464996337891
-6.822286128997803,-6.706875801086426
-6.81581974029541,-6.761347770690918
-6.8028788566589355,-6.782113075256348
-6.796403884887695,-6.7892584800720215
-6.796403884887695,-6.792830944061279
-7.195815563201904,-6.994323253631592
-7.20253324508667,-7.098428249359131
-7.195815563201904,-7.147121906280518
-7.195815563201904,-7.171468734741211
-7.195815563201904,-7.183642387390137
-7.369630813598633,-7.276636600494385
-7.376453876495361,-7.326545238494873
-7.376453876495361,-7.351499557495117
-7.369630813598633,-7.360565185546875
-7.362804889678955,-7.361684799194336
-7.464915752410889,-7.413300514221191
-7.451131343841553,-7.432215690612793
-7.437332630157471,-7.434774398803711
-7.437332630157471,-7.436053276062012
-7.4442338943481445,-7.440143585205078
-7.451131343841553,-7.445637226104736
-7.60559606552124,-7.525616645812988
-7.612579822540283,-7.569097995758057
-7.626534461975098,-7.597816467285156
-7.626534461975098,-7.612175464630127
-7.619559288024902,-7.615867614746094
-7.7700581550598145,-7.692962646484375
-7.762994289398193,-7.727978706359863
-7.755927085876465,-7.741952896118164
-7.755927085876465,-7.7489399909973145
-7.762994289398193,-7.755967140197754
-7.708244800567627,-7.7321062088012695
-7.687028884887695,-7.709567546844482
-7.665777206420898,-7.687672138214111
-7.651590824127197,-7.669631481170654
-7.644491195678711,-7.6570611000061035
-7.71612548828125,-7.686593532562256
-7.730384826660156,-7.708488941192627
-7.730384826660156,-7.719437122344971
-7.70898962020874,-7.7142133712768555
-7.694705486297607,-7.7044596672058105
-7.687557697296143,-7.696008682250977
-7.7137603759765625,-7.7048845291137695
-7.706593990325928,-7.705739498138428
-7.699423789978027,-7.702581405639648
-7.692249298095703,-7.697415351867676
-7.706593990325928,-7.702004909515381
-7.77522087097168,-7.738613128662109
-7.768012523651123,-7.753312587738037
-7.77522087097168,-7.7642669677734375
-7.782426357269287,-7.773346424102783
-7.782426357269287,-7.777886390686035
-7.877930164337158,-7.827908039093018
-7.8851752281188965,-7.856541633605957
-7.899653911590576,-7.8780975341796875
-7.914114475250244,-7.896106243133545
-7.92133903503418,-7.908722877502441
-7.90435791015625,-7.906540393829346
-7.918760299682617,-7.912650108337402
-7.933145523071289,-7.922897815704346
-7.940331935882568,-7.931614875793457
-7.954692840576172,-7.9431538581848145
-7.976202487945557,-7.9596781730651855
-8.069795608520508,-7.979839324951172
-8.076990127563477,-7.989919662475586
-8.084179878234863,-7.994959831237793
-8.091364860534668,-7.9974799156188965
-8.098546981811523,-7.998739719390869
-8.157495498657227,-7.999370098114014
-8.179054260253906,-7.999684810638428
-8.200573921203613,-7.999842643737793
-8.222055435180664,-7.9999213218688965
-8.243497848510742,-7.999960422515869
-8.281332969665527,-7.999980449676514
-8.288481712341309,-7.999989986419678
-8.302766799926758,-7.999995231628418
-8.302766799926758,-7.999997615814209
-8.317034721374512,-7.999998569488525
-8.535489082336426,-7.999999523162842
-8.549919128417969,-7.999999523162842
-8.564332008361816,-8.0
-8.57872486114502,-8.0
-8.585914611816406,-8.0
-8.585914611816406,-8.0
-8.678116798400879,-8.0
-8.678116798400879,-8.0
-8.678116798400879,-8.0
-8.670896530151367,-8.0
-8.670896530151367,-8.0
-8.615765571594238,-8.0
-8.615765571594238,-8.0
-8.615765571594238,-8.0
-8.615765571594238,-8.0
-8.622970581054688,-8.0
-8.562996864318848,-8.0
-8.570172309875488,-8.0
-8.570172309875488,-8.0
-8.562996864318848,-8.0
-8.570172309875488,-8.0
-8.634302139282227,-8.0
-8.634302139282227,-8.0
-8.64867877960205,-8.0
-8.64867877960205,-8.0
-8.655858993530273,-8.0
-8.655858993530273,-8.0
-8.782989501953125,-8.0
-8.775749206542969,-8.0
-8.76850414276123,-8.0
-8.775749206542969,-8.0
-8.775749206542969,-8.0
-8.722200393676758,-8.0
-8.736632347106934,-8.0
-8.743842124938965,-8.0
-8.729418754577637,-8.0
-8.714977264404297,-8.0
-8.79126262664795,-8.0
-8.784004211425781,-8.0
-8.776740074157715,-8.0
-8.769472122192383,-8.0
-8.776740074157715,-8.0
-8.795136451721191,-8.0
-8.787860870361328,-8.0
-8.773295402526855,-8.0
-8.773295402526855,-8.0
-8.766005516052246,-8.0
-8.751410484313965,-8.0
-8.78587532043457,-8.0
-8.778533935546875,-8.0
-8.771186828613281,-8.0
-8.756478309631348,-8.0
-8.749115943908691,-8.0
-8.79182243347168,-8.0
-8.784445762634277,-8.0
-8.784445762634277,-8.0
-8.77706527709961,-8.0
-8.77706527709961,-8.0
-8.776637077331543,-8.0
-8.776637077331543,-8.0
-8.769259452819824,-8.0
-8.754488945007324,-8.0
-8.732295989990234,-8.0
-8.71284008026123,-8.0
-8.698003768920898,-8.0
-8.668272972106934,-8.0
-8.64592170715332,-8.0
-8.61605167388916,-8.0
-8.617321968078613,-8.0
-8.594791412353516,-8.0
-8.564679145812988,-8.0
-8.549592971801758,-8.0
-8.542043685913086,-8.0
-8.51936149597168,-8.0
-8.516014099121094,-8.0
-8.500802040100098,-8.0
-8.493188858032227,-8.0
-8.470318794250488,-8.0
-8.462685585021973,-8.0
-8.44764518737793,-8.0
-8.432341575622559,-8.0
-8.432341575622559,-8.0
-8.432341575622559,-8.0
-8.424683570861816,-8.0
-8.350308418273926,-8.0
-8.350308418273926,-8.0
-8.357948303222656,-8.0
-8.365584373474121,-8.0
-8.373214721679688,-8.0
-8.380840301513672,-8.0
-8.235908508300781,-8.0
-8.250985145568848,-8.0
-8.273563385009766,-8.0
-8.296099662780762,-8.0
-8.311100006103516,-8.0
-8.356457710266113,-8.0
-8.378911972045898,-8.0
-8.401322364807129,-8.0
-8.423690795898438,-8.0
-8.431137084960938,-8.0
-8.393301010131836,-8.0
-8.415485382080078,-8.0
-8.452363967895508,-8.0
-8.481781959533691,-8.0
-8.525768280029297,-8.0
-8.464110374450684,-8.0
-8.493075370788574,-8.0
-8.521966934204102,-8.0
-8.543587684631348,-8.0
-8.557978630065918,-8.0
-8.572351455688477,-8.0
-8.53104019165039,-8.0
-8.545330047607422,-8.0
-8.545330047607422,-8.0
-8.545330047607422,-8.0
-8.545330047607422,-8.0
-8.506413459777832,-8.0
-8.492142677307129,-8.0
-8.485000610351562,-8.0
-8.477853775024414,-8.0
-8.470703125,-8.0
-8.412928581237793,-8.0
-8.398649215698242,-8.0
-8.39150333404541,-8.0
-8.39150333404541,-8.0
-8.398649215698242,-8.0
-8.309181213378906,-8.0
-8.294936180114746,-8.0
-8.3020601272583,-8.0
-8.31629753112793,-8.0
-8.31629753112793,-8.0
-8.215087890625,-8.0
-8.208011627197266,-8.0
-8.208011627197266,-8.0
-8.215087890625,-8.0
-8.222160339355469,-8.0
-8.229228973388672,-8.0
-8.25341510772705,-8.0
-8.25341510772705,-8.0
-8.25341510772705,-8.0
-8.25341510772705,-8.0
-8.26047420501709,-8.0
-8.222904205322266,-8.0
-8.22994327545166,-8.0
-8.222904205322266,-8.0
-8.215862274169922,-8.0
-8.215862274169922,-8.0
-8.208462715148926,-8.0
-8.208462715148926,-8.0
-8.194372177124023,-8.0
-8.180264472961426,-8.0
-8.166141510009766,-8.0
-8.026017189025879,-8.0
-8.005006790161133,-8.0
-8.005006790161133,-8.0
-7.99098014831543,-7.995490074157715
-7.976938247680664,-7.9862141609191895
-7.976938247680664,-7.981576442718506
-7.849761962890625,-7.915668964385986
-7.856727123260498,-7.886198043823242
-7.856727123260498,-7.871462345123291
-7.842792987823486,-7.857127666473389
-7.842792987823486,-7.8499603271484375
-7.726785182952881,-7.788372993469238
-7.726785182952881,-7.7575788497924805
-7.726785182952881,-7.74218225479126
-7.699121475219727,-7.720651626586914
-7.685266971588135,-7.7029595375061035
-7.526437282562256,-7.61469841003418
-7.498922348022461,-7.55681037902832
-7.478249549865723,-7.5175299644470215
-7.457544326782227,-7.487536907196045
-7.436807155609131,-7.462172031402588
-7.252095699310303,-7.357133865356445
-7.231594562530518,-7.2943644523620605
-7.2179107666015625,-7.256137371063232
-7.211063861846924,-7.233600616455078
-7.1836419105529785,-7.208621501922607
-6.997929573059082,-7.103275775909424
-6.984393119812012,-7.043834209442139
-6.970844745635986,-7.0073394775390625
-6.9640655517578125,-6.9857025146484375
-6.943708419799805,-6.964705467224121
-6.936916351318359,-6.95081090927124
-6.732686996459961,-6.8417487144470215
-6.719359397888184,-6.780554294586182
-6.712690830230713,-6.746622562408447
-6.69266939163208,-6.719645977020264
-6.6859893798828125,-6.702817916870117
-6.561649799346924,-6.632233619689941
-6.568248271942139,-6.600241184234619
-6.568248271942139,-6.584244728088379
-6.568248271942139,-6.57624626159668
-6.561649799346924,-6.568948268890381
-6.473837375640869,-6.521392822265625
-6.493385314941406,-6.507389068603516
-6.512909889221191,-6.5101494789123535
-6.525912284851074,-6.518030643463135
-6.545396327972412,-6.531713485717773
-6.564855575561523,-6.548284530639648
-6.496432304382324,-6.522358417510986
-6.521972179412842,-6.522165298461914
-6.5410990715026855,-6.531631946563721
-6.566566467285156,-6.549099445343018
-6.579283714294434,-6.5641913414001465
-6.451158046722412,-6.507674694061279
-6.476119518280029,-6.491897106170654
-6.494815349578857,-6.493356227874756
-6.507266521453857,-6.500311374664307
-6.532139778137207,-6.516225337982178
-6.363232135772705,-6.439728736877441
-6.381467342376709,-6.410597801208496
-6.39968204498291,-6.405139923095703
-6.411813735961914,-6.408476829528809
-6.429994106292725,-6.419235706329346
-6.442340850830078,-6.430788516998291
-6.454428195953369,-6.44260835647583
-6.460468292236328,-6.4515380859375
-6.466506004333496,-6.459022045135498
-6.478574275970459,-6.4687981605529785
-6.427638530731201,-6.44821834564209
-6.433621883392334,-6.440919876098633
-6.433621883392334,-6.4372711181640625
-6.439602851867676,-6.438436985015869
-6.445581912994385,-6.442009449005127
-6.439602851867676,-6.4408063888549805
-6.332334995269775,-6.386570453643799
-6.338240146636963,-6.362405300140381
-6.344143390655518,-6.353274345397949
-6.338240146636963,-6.345757484436035
-6.332334995269775,-6.339046478271484
-6.251317024230957,-6.295181751251221
-6.257165908813477,-6.2761735916137695
-6.251317024230957,-6.263745307922363
-6.257165908813477,-6.26045560836792
-6.245466232299805,-6.252961158752441
-6.154409408569336,-6.203685283660889
-6.154409408569336,-6.179047107696533
-6.154409408569336,-6.1667280197143555
-6.148626804351807,-6.15767765045166
-6.154409408569336,-6.156043529510498
-6.062010288238525,-6.109026908874512
-6.06773042678833,-6.08837890625
-6.062010288238525,-6.075194358825684
-6.050564289093018,-6.06287956237793
-6.050564289093018,-6.0567216873168945
-6.033381462097168,-6.045051574707031
-5.932002067565918,-5.988526821136475
-5.926339149475098,-5.957432746887207
-5.9150071144104,-5.936220169067383
-5.926339149475098,-5.93127965927124
-5.920673847198486,-5.925976753234863
-5.919516086578369,-5.922746658325195
-5.902513027191162,-5.9126296043396
-5.9138503074646,-5.9132399559021
-5.919516086578369,-5.916378021240234
-5.908182621002197,-5.912280559539795
-5.82130765914917,-5.866794109344482
-5.82130765914917,-5.844050884246826
-5.815697193145752,-5.829874038696289
-5.815697193145752,-5.822785377502441
-5.815697193145752,-5.819241523742676
-5.810084819793701,-5.814662933349609
-5.723479747772217,-5.769071578979492
-5.717926025390625,-5.743498802185059
-5.717926025390625,-5.730712413787842
-5.7123703956604,-5.721541404724121
-5.706813812255859,-5.71417760848999
-5.555794715881348,-5.63498592376709
-5.5448994636535645,-5.589942932128906
-5.539449691772461,-5.564696311950684
-5.5448994636535645,-5.554797649383545
-5.539449691772461,-5.547123432159424
-5.450235843658447,-5.4986796379089355
-5.450235843658447,-5.474457740783691
-5.444855690002441,-5.459656715393066
-5.439474105834961,-5.449565410614014
-5.434090614318848,-5.44182825088501
-5.400792598724365,-5.4213104248046875
-5.390028953552246,-5.405669689178467
-5.390028953552246,-5.3978495597839355
-5.37925910949707,-5.388554096221924
-5.363092422485352,-5.375823497772217
-5.299263000488281,-5.33754301071167
-5.288547992706299,-5.313045501708984
-5.267101764678955,-5.290073394775391
-5.256369113922119,-5.273221492767334
-5.240260601043701,-5.256741046905518
-5.229514122009277,-5.243127346038818
-5.02830171585083,-5.135714530944824
-5.017873287200928,-5.076794147491455
-5.007438659667969,-5.042116165161133
-4.991777420043945,-5.016946792602539
-4.9708781242370605,-4.993912696838379
-4.801388263702393,-4.897650241851807
-4.79121208190918,-4.844430923461914
-4.786121845245361,-4.815276622772217
-4.786121845245361,-4.800699234008789
-4.786121845245361,-4.793410301208496
-4.539906024932861,-4.666658401489258
-4.544774532318115,-4.605716228485107
-4.544774532318115,-4.575245380401611
-4.544774532318115,-4.560009956359863
-4.544774532318115,-4.55239200592041
-4.3500261306762695,-4.45120906829834
-4.354715824127197,-4.402962684631348
-4.359404563903809,-4.381183624267578
-4.3640923500061035,-4.372637748718262
-4.368779182434082,-4.370708465576172
-4.378150463104248,-4.374429225921631
-4.231828212738037,-4.303128719329834
-4.240907669067383,-4.2720184326171875
-4.249984264373779,-4.2610015869140625
-4.254521369934082,-4.257761478424072
-4.259057998657227,-4.25840950012207
-4.087069034576416,-4.172739505767822
-4.0914306640625,-4.132084846496582
-4.095791816711426,-4.113938331604004
-4.100152492523193,-4.107045650482178
-4.1045122146606445,-4.105778694152832
-3.991050958633423,-4.048414707183838
-4.003758430480957,-4.026086807250977
-4.012226581573486,-4.019156455993652
-4.033385276794434,-4.026270866394043
-4.0545268058776855,-4.040398597717285
-3.9935684204101562,-4.016983509063721
-3.9977283477783203,-4.0073561668396
-3.9977283477783203,-4.002542018890381
-4.006046295166016,-4.004294395446777
-4.01436185836792,-4.0093278884887695
-4.026830196380615,-4.0180792808532715
-3.8256213665008545,-3.9218502044677734
-3.8295836448669434,-3.8757169246673584
-3.8414673805236816,-3.8585920333862305
-3.849386692047119,-3.853989362716675
-3.8533456325531006,-3.8536674976348877
-3.708320140838623,-3.780993700027466
-3.71213436126709,-3.7465641498565674
-3.7159481048583984,-3.7312560081481934
-3.7159481048583984,-3.723602056503296
-3.7197611331939697,-3.721681594848633
-3.6358752250671387,-3.6787784099578857
-3.6358752250671387,-3.6573269367218018
-3.6358752250671387,-3.6466012001037598
-3.632140874862671,-3.639370918273926
-3.628406047821045,-3.6338884830474854
-3.507593870162964,-3.5707411766052246
-3.5148255825042725,-3.542783498764038
-3.5039772987365723,-3.5233802795410156
-3.4967427253723145,-3.510061502456665
-3.4931247234344482,-3.5015931129455566
-3.4931247234344482,-3.497358798980713
-3.3597419261932373,-3.4285504817962646
-3.3597419261932373,-3.394146203994751
-3.3597419261932373,-3.376944065093994
-3.3597419261932373,-3.3683431148529053
-3.3597419261932373,-3.3640425205230713
-3.1790361404418945,-3.2715392112731934
-3.1790361404418945,-3.225287675857544
-3.1823501586914062,-3.2038187980651855
-3.1823501586914062,-3.193084478378296
-3.1757216453552246,-3.1844029426574707
-2.975708246231079,-3.0800557136535645
-2.9663443565368652,-3.023200035095215
-2.9632225036621094,-2.993211269378662
-2.9663443565368652,-2.9797778129577637
-2.9632225036621094,-2.9715001583099365
-2.7339043617248535,-2.8527023792266846
-2.7310028076171875,-2.7918524742126465
-2.7281012535095215,-2.759976863861084
-2.722297191619873,-2.7411370277404785
-2.7193949222564697,-2.7302660942077637
-2.7193949222564697,-2.7248306274414062
-2.6327948570251465,-2.6788127422332764
-2.6299777030944824,-2.65439510345459
-2.624342679977417,-2.639369010925293
-2.6187069416046143,-2.629037857055664
-2.615889072418213,-2.6224634647369385
-2.5256075859069824,-2.574035406112671
-2.53105092048645,-2.5525431632995605
-2.53105092048645,-2.541796922683716
-2.5201637744903564,-2.530980348587036
-2.511996269226074,-2.5214884281158447
-2.3230535984039307,-2.4222710132598877
-2.3205230236053467,-2.371397018432617
-2.3205230236053467,-2.3459601402282715
-2.3179922103881836,-2.3319761753082275
-2.3154613971710205,-2.323718786239624
-2.1122145652770996,-2.2179665565490723
-2.109894037246704,-2.1639304161071777
-2.105253219604492,-2.134591817855835
-2.100611686706543,-2.1176016330718994
-2.0959696769714355,-2.106785774230957
-2.093648672103882,-2.10021710395813
-1.8655825853347778,-1.9828999042510986
-1.8635015487670898,-1.9232007265090942
-1.8635015487670898,-1.8933510780334473
-1.8614202737808228,-1.8773857355117798
-1.8593391180038452,-1.8683624267578125
-1.726046085357666,-1.7972042560577393
-1.7241113185882568,-1.760657787322998
-1.7241113185882568,-1.7423845529556274
-1.7241113185882568,-1.7332478761672974
-1.7221763134002686,-1.7277120351791382
-1.5228378772735596,-1.625274896621704
-1.5211156606674194,-1.5731953382492065
-1.5211156606674194,-1.547155499458313
-1.5211156606674194,-1.5341355800628662
-1.5193934440612793,-1.5267645120620728
-1.3468658924102783,-1.4368151426315308
-1.3468658924102783,-1.3918405771255493
-1.3483966588974,-1.3701186180114746
-1.3483966588974,-1.3592575788497925
-1.3514580726623535,-1.3553578853607178
-1.1907718181610107,-1.2730648517608643
-1.1934665441513062,-1.2332656383514404
-1.1948137283325195,-1.21403968334198
-1.196160912513733,-1.2051002979278564
-1.196160912513733,-1.2006306648254395
-1.196160912513733,-1.1983957290649414
-1.0203853845596313,-1.1093906164169312
-1.023829460144043,-1.0666100978851318
-1.026125431060791,-1.0463677644729614
-1.0284212827682495,-1.0373945236206055
-1.031865119934082,-1.0346298217773438
-0.9014498591423035,-0.968039870262146
-0.9044572710990906,-0.9362485408782959
-0.9054597616195679,-0.9208541512489319
-0.9074646234512329,-0.9141594171524048
-0.9094694256782532,-0.9118143916130066
-0.844136655330658,-0.8779755234718323
-0.8459960222244263,-0.8619858026504517
-0.8459960222244263,-0.853990912437439
-0.8478553295135498,-0.8509231209754944
-0.8506443500518799,-0.8507837653160095
-0.7374765872955322,-0.7941301465034485
-0.7398931384086609,-0.7670116424560547
-0.7415041923522949,-0.7542579174041748
-0.743115246295929,-0.7486865520477295
-0.7447261810302734,-0.7467063665390015
-0.747948169708252,-0.7473272681236267
-0.6621240973472595,-0.7047256827354431
-0.6635491251945496,-0.6841374039649963
-0.6656867861747742,-0.6749120950698853
-0.6671118140220642,-0.6710119843482971
-0.6685368418693542,-0.6697744131088257
-0.5756711959838867,-0.6227228045463562
-0.5762836933135986,-0.599503219127655
-0.5762836933135986,-0.5878934860229492
-0.5768961310386658,-0.5823947787284851
-0.5775085091590881,-0.5799516439437866
-0.4736423194408417,-0.5267969965934753
-0.47414425015449524,-0.5004706382751465
-0.4746462106704712,-0.48755842447280884
-0.47514814138412476,-0.4813532829284668
-0.4756500720977783,-0.47850167751312256
-0.39310121536254883,-0.4358014464378357
-0.39310121536254883,-0.41445133090019226
-0.39351657032966614,-0.4039839506149292
-0.394347220659256,-0.3991656005382538
-0.3951779305934906,-0.3971717655658722
-0.3951779305934906,-0.3961748480796814
-0.3048756718635559,-0.35052525997161865
-0.3045561909675598,-0.32754072546958923
-0.3042367100715637,-0.3158887028694153
-0.3045561909675598,-0.31022244691848755
-0.3045561909675598,-0.3073893189430237
-0.16178196668624878,-0.23458564281463623
-0.16178196668624878,-0.1981838047504425
-0.16178196668624878,-0.17998288571834564
-0.16178196668624878,-0.1708824187517166
-0.16178196668624878,-0.1663322001695633
0.02143363654613495,-0.07244928181171417
0.021411053836345673,-0.0255191121250391
0.021411053836345673,-0.0020540296100080013
0.021411053836345673,0.009678511880338192
0.021411053836345673,0.015544782392680645
0.1739450991153717,0.09474494308233261
0.1739450991153717,0.13434502482414246
0.1739450991153717,0.15414506196975708
0.17376163601875305,0.16395334899425507
0.1735781580209732,0.16876575350761414
0.17376163601875305,0.1712636947631836
0.33214718103408813,0.25170543789863586
0.33214718103408813,0.2919263243675232
0.3335496485233307,0.31273797154426575
0.3335496485233307,0.3231438100337982
0.3335496485233307,0.32834672927856445
0.47762802243232727,0.40298739075660706
0.4796377122402191,0.4413125514984131
0.4801400899887085,0.4607263207435608
0.47913527488708496,0.4699307978153229
0.4786328673362732,0.47428181767463684
0.5641230344772339,0.5192024111747742
0.5647156238555908,0.5419590473175049
0.5653082728385925,0.5536336302757263
0.5653082728385925,0.5594709515571594
0.5647156238555908,0.5620932579040527
0.6363716721534729,0.5992324948310852
0.6370400190353394,0.6181362271308899
0.6363716721534729,0.6272539496421814
0.6357033252716064,0.6314786672592163
0.6357033252716064,0.6335909962654114
0.7762942910194397,0.7049426436424255
0.7746630311012268,0.7398028373718262
0.7738473415374756,0.7568250894546509
0.7730316519737244,0.7649283409118652
0.7722159624099731,0.7685721516609192
0.7722159624099731,0.7703940868377686
0.8458437919616699,0.8081189393997192
0.8440538048744202,0.8260863423347473
0.8431587219238281,0.8346225619316101
0.8422636985778809,0.8384431004524231
0.8431587219238281,0.840800940990448
0.9175913333892822,0.8791961073875427
0.9166155457496643,0.8979058265686035
0.9156398177146912,0.9067728519439697
0.9146641492843628,0.9107185006141663
0.9146641492843628,0.9126912951469421
1.0020853281021118,0.9573882818222046
1.0020853281021118,0.9797368049621582
1.0020853281021118,0.9909110069274902
1.0031548738479614,0.9970329999923706
1.0031548738479614,1.000093936920166
1.0020853281021118,1.0010895729064941
1.1473244428634644,1.074207067489624
1.148546576499939,1.1113767623901367
1.148546576499939,1.1299617290496826
1.148546576499939,1.139254093170166
1.1473244428634644,1.14328932762146
1.1878728866577148,1.1655811071395874
1.1878728866577148,1.176727056503296
1.1878728866577148,1.1822999715805054
1.186606526374817,1.1844532489776611
1.186606526374817,1.1855298280715942
1.2139575481414795,1.1997437477111816
1.2126622200012207,1.2062029838562012
1.2100715637207031,1.2081372737884521
1.2087761163711548,1.2084567546844482
1.2087761163711548,1.2086164951324463
1.2527846097946167,1.2307004928588867
1.2514410018920898,1.2410707473754883
1.2527846097946167,1.2469276189804077
1.2527846097946167,1.2498561143875122
1.2527846097946167,1.2513203620910645
1.258424997329712,1.2548726797103882
1.2570754289627075,1.2559740543365479
1.2570754289627075,1.2565248012542725
1.2557258605957031,1.2561253309249878
1.2557258605957031,1.2559256553649902
1.2543762922286987,1.2551509141921997
1.3786572217941284,1.316904067993164
1.3771753311157227,1.3470396995544434
1.3771753311157227,1.362107515335083
1.3786572217941284,1.3703824281692505
1.3786572217941284,1.3745198249816895
1.4352750778198242,1.4048974514007568
1.4368170499801636,1.4208571910858154
1.4383589029312134,1.4296081066131592
1.4399008750915527,1.434754490852356
1.4383589029312134,1.4365566968917847
1.4831898212432861,1.4598733186721802
1.4831898212432861,1.4715315103530884
1.4831898212432861,1.477360725402832
1.4831898212432861,1.480275273323059
1.4831898212432861,1.4817324876785278
1.5944441556930542,1.538088321685791
1.5961508750915527,1.5671195983886719
1.5978573560714722,1.5824885368347168
1.5978573560714722,1.5901728868484497
1.5961508750915527,1.593161940574646
1.5961508750915527,1.5946563482284546
1.709328055381775,1.6519922018051147
1.71114981174469,1.6815710067749023
1.709328055381775,1.6954495906829834
1.709328055381775,1.702388882637024
1.709328055381775,1.7058584690093994
1.7267359495162964,1.7162972688674927
1.7285759449005127,1.722436547279358
1.73041570186615,1.726426124572754
1.73041570186615,1.7284209728240967
1.7267359495162964,1.7275785207748413
1.7727900743484497,1.7501842975616455
1.774680256843567,1.7624322175979614
1.774680256843567,1.7685562372207642
1.7727900743484497,1.770673155784607
1.7690099477767944,1.7698415517807007
1.8320928812026978,1.8009672164916992
1.8320928812026978,1.8165301084518433
1.8320928812026978,1.8243114948272705
1.8301345109939575,1.8272229433059692
1.8301345109939575,1.8286787271499634
1.8281760215759277,1.8284274339675903
1.8411860466003418,1.8348066806793213
1.8392119407653809,1.837009310722351
1.8372374773025513,1.8371233940124512
1.8352630138397217,1.8361932039260864
1.833288550376892,1.8347408771514893
1.8269667625427246,1.830853819847107
1.8309067487716675,1.8308802843093872
1.8309067487716675,1.8308935165405273
1.8309067487716675,1.8309000730514526
1.8309067487716675,1.83090341091156
1.8202816247940063,1.8255925178527832
1.8202816247940063,1.82293701171875
1.8222380876541138,1.8225876092910767
1.8202816247940063,1.8214346170425415
1.8202816247940063,1.820858120918274
1.9427217245101929,1.8817899227142334
1.9448069334030151,1.9132983684539795
1.9448069334030151,1.9290525913238525
1.9427217245101929,1.9358872175216675
1.9427217245101929,1.9393044710159302
1.9468917846679688,1.9430981874465942
1.9773532152175903,1.9602257013320923
1.9773532152175903,1.9687894582748413
1.9731239080429077,1.9709566831588745
1.9710091352462769,1.9709829092025757
1.9731239080429077,1.9720534086227417
2.0461063385009766,2.009079933166504
2.0461063385009766,2.0275931358337402
2.048299551010132,2.0379464626312256
2.048299551010132,2.0431230068206787
2.048299551010132,2.0457112789154053
2.1045289039611816,2.075120210647583
2.1045289039611816,2.089824676513672
2.106780767440796,2.0983026027679443
2.106780767440796,2.10254168510437
2.1045289039611816,2.1035354137420654
2.265869617462158,2.1847023963928223
2.2707130908966064,2.227707862854004
2.27313494682312,2.2504212856292725
2.2707130908966064,2.2605671882629395
2.2634475231170654,2.262007474899292
2.2634475231170654,2.2627274990081787
2.385528087615967,2.3241279125213623
2.385528087615967,2.354827880859375
2.38297700881958,2.3689024448394775
2.38297700881958,2.3759396076202393
2.38297700881958,2.379458427429199
2.5096757411956787,2.4445669651031494
2.5096757411956787,2.477121353149414
2.5096757411956787,2.493398666381836
2.5096757411956787,2.501537322998047
2.5096757411956787,2.5056064128875732
2.6458611488342285,2.5757339000701904
2.648679256439209,2.61220645904541
2.6458611488342285,2.6290338039398193
2.6458611488342285,2.6374475955963135
2.643043041229248,2.640245199203491
2.635314702987671,2.637779951095581
2.63812518119812,2.6379525661468506
2.63812518119812,2.6380388736724854
2.635314702987671,2.636676788330078
2.6325042247772217,2.6345906257629395
2.626882791519165,2.6307365894317627
2.8126754760742188,2.721705913543701
2.8126754760742188,2.76719069480896
2.809671401977539,2.788431167602539
2.8066673278808594,2.797549247741699
2.8036630153656006,2.8006060123443604
2.9440200328826904,2.8723130226135254
2.947167158126831,2.9097402095794678
2.947167158126831,2.9284536838531494
2.947167158126831,2.9378104209899902
2.947167158126831,2.942488670349121
2.978602409362793,2.960545539855957
2.978602409362793,2.969573974609375
2.978602409362793,2.974088191986084
2.978602409362793,2.9763453006744385
2.975423574447632,2.975884437561035
3.1008124351501465,3.038348436355591
3.1008124351501465,3.069580554962158
3.1008124351501465,3.0851964950561523
3.1008124351501465,3.0930044651031494
3.1041173934936523,3.0985610485076904
3.3294827938079834,3.214021921157837
3.3294827938079834,3.27175235748291
3.325953722000122,3.2988531589508057
3.3224244117736816,3.310638666152954
3.3224244117736816,3.3165314197540283
3.318894863128662,3.3177132606506348
3.474958896636963,3.396336078643799
3.467573881149292,3.431955099105835
3.463880777359009,3.447917938232422
3.467573881149292,3.4577460289001465
3.471266746520996,3.4645063877105713
3.594393014907837,3.529449701309204
3.598205804824829,3.5638277530670166
3.602018356323242,3.58292293548584
3.605830430984497,3.594376564025879
3.602018356323242,3.5981974601745605
3.7116260528564453,3.654911756515503
3.7116260528564453,3.6832690238952637
3.707707405090332,3.695488214492798
3.7037880420684814,3.6996381282806396
3.707707405090332,3.7036726474761963
3.707707405090332,3.7056899070739746
3.68060302734375,3.6931464672088623
3.684495449066162,3.6888210773468018
3.688387632369995,3.6886043548583984
3.684495449066162,3.6865499019622803
3.672816276550293,3.679683208465576
3.6800832748413086,3.6798832416534424
3.6800832748413086,3.679983377456665
3.6800832748413086,3.6800334453582764
3.6761865615844727,3.678109884262085
3.6722891330718994,3.675199508666992
3.697733163833618,3.6864662170410156
3.7016592025756836,3.6940627098083496
3.697733163833618,3.6958978176116943
3.6938061714172363,3.694852113723755
3.6898787021636963,3.6923654079437256
3.6620657444000244,3.677215576171875
3.6620657444000244,3.66964054107666
3.658160448074341,3.66390061378479
3.658160448074341,3.6610305309295654
3.6620657444000244,3.661548137664795
3.6620657444000244,3.66180682182312
3.653289556503296,3.657548189163208
3.653289556503296,3.655418872833252
3.649393081665039,3.6524059772491455
3.649393081665039,3.650899648666382
3.645495891571045,3.648197650909424
3.68149471282959,3.664846181869507
3.68149471282959,3.673170566558838
3.6775577068328857,3.6753640174865723
3.6736199855804443,3.674492120742798
3.6696815490722656,3.672086715698242
3.6837942600250244,3.677940607070923
3.679837226867676,3.6788887977600098
3.6837942600250244,3.6813416481018066
3.687751054763794,3.6845462322235107
3.691707134246826,3.688126802444458
3.684936046600342,3.6865315437316895
3.6809866428375244,3.6837589740753174
3.6770365238189697,3.6803977489471436
3.6809866428375244,3.680692195892334
3.684936046600342,3.682814121246338
3.7208969593048096,3.7018556594848633
3.7248764038085938,3.7133660316467285
3.7368125915527344,3.7250893115997314
3.7487435340881348,3.7369163036346436
3.7487435340881348,3.7428300380706787
3.7368125915527344,3.739821195602417
3.782618761062622,3.7612199783325195
3.7866406440734863,3.773930311203003
3.7866406440734863,3.780285596847534
3.7866406440734863,3.7834632396698
3.7866406440734863,3.7850518226623535
3.8942575454711914,3.8396546840667725
3.8942575454711914,3.8669562339782715
3.8983731269836426,3.882664680480957
3.9066033363342285,3.8946340084075928
3.9148311614990234,3.9047324657440186
3.92305588722229,3.9138941764831543
4.023338794708252,3.968616485595703
4.031741619110107,4.000178813934326
4.040141582489014,4.02016019821167
4.048538684844971,4.03434944152832
4.048538684844971,4.041443824768066
4.134289264678955,4.08786678314209
4.134289264678955,4.111078262329102
4.134289264678955,4.122684001922607
4.134289264678955,4.128486633300781
4.134289264678955,4.131388187408447
4.198101043701172,4.1647443771362305
4.198101043701172,4.181422710418701
4.1937689781188965,4.187595844268799
4.189436435699463,4.188516139984131
4.189436435699463,4.188976287841797
4.238737106323242,4.2138566970825195
4.238737106323242,4.226296901702881
4.234358310699463,4.230327606201172
4.238737106323242,4.234532356262207
4.238737106323242,4.236634731292725
4.507070541381836,4.371852397918701
4.520931243896484,4.446392059326172
4.53478479385376,4.490588188171387
4.544014930725098,4.517301559448242
4.553242206573486,4.535272121429443
4.708868026733398,4.622069835662842
4.7136054039001465,4.667837619781494
4.7183427810668945,4.693090438842773
4.723079204559326,4.708084583282471
4.727814197540283,4.717949390411377
4.7183427810668945,4.718146324157715
4.843415260314941,4.780780792236328
4.838560104370117,4.809670448303223
4.833703994750977,4.8216872215271
4.833703994750977,4.827695369720459
4.838560104370117,4.833127975463867
4.992439270019531,4.912783622741699
4.982421398162842,4.947602272033691
4.977410316467285,4.962506294250488
4.982421398162842,4.972464084625244
4.987431049346924,4.979947566986084
5.254569053649902,5.117258071899414
5.259788990020752,5.188523769378662
5.265007972717285,5.2267656326293945
5.2702250480651855,5.248495578765869
5.2702250480651855,5.259360313415527
5.33707857131958,5.298219203948975
5.331806659698486,5.3150129318237305
5.33707857131958,5.326045989990234
5.342349052429199,5.334197521209717
5.342349052429199,5.338273048400879
5.314337253570557,5.326305389404297
5.309089660644531,5.317697525024414
5.303840637207031,5.310769081115723
5.309089660644531,5.309929370880127
5.303840637207031,5.306884765625
5.303840637207031,5.305362701416016
5.285695552825928,5.295529365539551
5.285695552825928,5.290612697601318
5.285695552825928,5.288154125213623
5.275234222412109,5.281694412231445
5.264767169952393,5.27323055267334
5.29315710067749,5.283193588256836
5.282626152038574,5.282909870147705
5.282626152038574,5.282768249511719
5.2878923416137695,5.285330295562744
5.2878923416137695,5.286611080169678
5.375741481781006,5.331176280975342
5.3810834884643555,5.3561296463012695
5.375741481781006,5.365935802459717
5.365053176879883,5.365494251251221
5.359706401824951,5.362600326538086
5.349009990692139,5.355804920196533
5.345327377319336,5.350566387176514
5.339962005615234,5.345264434814453
5.334595203399658,5.339930057525635
5.329227447509766,5.334578514099121
5.32385778427124,5.32921838760376
5.350651741027832,5.339935302734375
5.345258712768555,5.342597007751465
5.350651741027832,5.346624374389648
5.356043815612793,5.351334095001221
5.3398637771606445,5.3455986976623535
5.417428016662598,5.381513595581055
5.406494140625,5.394003868103027
5.39008092880249,5.392042636871338
5.379131317138672,5.385586738586426
5.373654365539551,5.379620552062988
5.438164710998535,5.408892631530762
5.432626247406006,5.420759677886963
5.432626247406006,5.426692962646484
5.432626247406006,5.429659843444824
5.416001319885254,5.422830581665039
5.435778617858887,5.429304599761963
5.435778617858887,5.432541370391846
5.446920871734619,5.439731121063232
5.458057403564453,5.448894500732422
5.458057403564453,5.4534759521484375
5.474749565124512,5.464112758636475
5.429514408111572,5.446813583374023
5.435038089752197,5.440925598144531
5.429514408111572,5.435220241546631
5.429514408111572,5.432367324829102
5.429514408111572,5.430940628051758
5.491201400756836,5.461071014404297
5.485625743865967,5.473348617553711
5.47446870803833,5.473908424377441
5.468887805938721,5.47139835357666
5.468887805938721,5.470142841339111
5.528082847595215,5.499113082885742
5.522451400756836,5.510782241821289
5.511183738708496,5.510982990264893
5.511183738708496,5.511083602905273
5.511183738708496,5.511133670806885
5.522451400756836,5.516792297363281
5.657765865325928,5.587279319763184
5.657765865325928,5.622522354125977
5.663514137268066,5.6430182456970215
5.669260501861572,5.656139373779297
5.669260501861572,5.6626996994018555
5.732206344604492,5.697453022003174
5.732206344604492,5.714829444885254
5.726415634155273,5.720622539520264
5.714828968048096,5.71772575378418
5.709033489227295,5.713379383087158
5.727558135986328,5.720468997955322
5.721738338470459,5.721103668212891
5.715917110443115,5.718510627746582
5.710093975067139,5.714302062988281
5.704268932342529,5.709285736083984
5.8579206466674805,5.783603191375732
5.863862037658691,5.823732852935791
5.8579206466674805,5.840826511383057
5.863862037658691,5.852344512939453
5.863862037658691,5.858103275299072
6.001161575317383,5.929632186889648
5.989060878753662,5.959346771240234
6.001161575317383,5.980254173278809
6.001161575317383,5.990707874298096
6.001161575317383,5.99593448638916
5.995112419128418,5.995523452758789
6.130191326141357,6.062857627868652
6.136337757110596,6.099597454071045
6.136337757110596,6.11796760559082
6.136337757110596,6.127152919769287
6.142481803894043,6.134817123413086
6.243172645568848,6.188994884490967
6.24937629699707,6.219185829162598
6.24937629699707,6.234281063079834
6.25557804107666,6.244929313659668
6.261776924133301,6.253353118896484
6.402266025543213,6.3278093338012695
6.40855073928833,6.368180274963379
6.414834022521973,6.391507148742676
6.433668613433838,6.412588119506836
6.439941883087158,6.426264762878418
6.584280490875244,6.50527286529541
6.584280490875244,6.544776439666748
6.597037315368652,6.570907115936279
6.6034111976623535,6.587159156799316
6.6034111976623535,6.595285415649414
6.6034111976623535,6.599348068237305
6.644991874694824,6.6221699714660645
6.651378631591797,6.63677453994751
6.644991874694824,6.640883445739746
6.6386027336120605,6.639743328094482
6.62581729888916,6.632780075073242
6.667771816253662,6.650276184082031
6.661338806152344,6.6558074951171875
6.667771816253662,6.661789417266846
6.661338806152344,6.661564350128174
6.654902935028076,6.658233642578125
6.595970153808594,6.627101898193359
6.589572429656982,6.60833740234375
6.589572429656982,6.598955154418945
6.58317232131958,6.591063499450684
6.58317232131958,6.587118148803711
6.589572429656982,6.588345527648926
6.599715232849121,6.594030380249023
6.593307971954346,6.593669414520264
6.593307971954346,6.593488693237305
6.593307971954346,6.593398571014404
6.586897850036621,6.590147972106934
6.679241180419922,6.634694576263428
6.6857008934021,6.660197734832764
6.6857008934021,6.672949314117432
6.679241180419922,6.676095008850098
6.679241180419922,6.67766809463501
6.722302436828613,6.699985504150391
6.709301471710205,6.704643249511719
6.6897783279418945,6.697210788726807
6.670230388641357,6.683720588684082
6.6506571769714355,6.66718864440918
6.641104221343994,6.654146671295166
6.621504306793213,6.6378254890441895
6.614965438842773,6.6263957023620605
6.608423709869385,6.617409706115723
6.601879119873047,6.609644412994385
6.659374713897705,6.634509563446045
6.652772426605225,6.643640995025635
6.632945537567139,6.638293266296387
6.626331329345703,6.632312297821045
6.626331329345703,6.629321575164795
6.61971378326416,6.624517917633057
6.568784236907959,6.596651077270508
6.568784236907959,6.5827178955078125
6.562185764312744,6.572451591491699
6.55558443069458,6.564018249511719
6.55558443069458,6.55980110168457
6.600598335266113,6.580199718475342
6.600598335266113,6.590399265289307
6.607232570648193,6.59881591796875
6.607232570648193,6.603024005889893
6.607232570648193,6.605128288269043
6.683860778808594,6.644494533538818
6.69054651260376,6.667520523071289
6.697229862213135,6.682375431060791
6.697229862213135,6.689802646636963
6.710587024688721,6.700194835662842
6.71726131439209,6.708727836608887
6.72791051864624,6.718319416046143
6.72791051864624,6.723114967346191
6.72791051864624,6.725512504577637
6.72791051864624,6.726711750030518
6.734597206115723,6.730654239654541
6.76077127456665,6.745712757110596
6.767465114593506,6.756588935852051
6.77415657043457,6.7653727531433105
6.7942118644714355,6.779792308807373
6.814241409301758,6.7970170974731445
6.861380577087402,6.829198837280273
6.8813886642456055,6.8552937507629395
6.901368618011475,6.878331184387207
6.927967548370361,6.903149127960205
6.947885036468506,6.9255170822143555
6.998565673828125,6.96204137802124
7.01848840713501,6.990264892578125
7.038383960723877,7.01432466506958
7.051631927490234,7.032978534698486
7.078092575073242,7.055535316467285
7.1044158935546875,7.079975605010986
7.124235153198242,7.109868049621582
7.13743257522583,7.123650550842285
7.13743257522583,7.1305413246154785
7.144026279449463,7.137283802032471
7.1108784675598145,7.124081134796143
7.1174492835998535,7.120765209197998
7.1174492835998535,7.119107246398926
7.1174492835998535,7.1182780265808105
7.1174492835998535,7.117863655090332
7.305857181549072,7.211860179901123
7.312524318695068,7.262192249298096
7.312524318695068,7.287358283996582
7.319188594818115,7.303273677825928
7.312524318695068,7.307898998260498
7.242933750152588,7.275416374206543
7.249556064605713,7.262486457824707
7.249556064605713,7.256021499633789
7.242933750152588,7.249477386474609
7.236307621002197,7.242892742156982
7.200173377990723,7.221532821655273
7.18691349029541,7.204223155975342
7.193545341491699,7.1988844871521
7.193545341491699,7.19621467590332
7.206799030303955,7.201506614685059
7.21342134475708,7.207464218139648
7.206714153289795,7.207088947296143
7.200081825256348,7.203585624694824
7.186807632446289,7.195196628570557
7.1801652908325195,7.187680721282959
7.166872024536133,7.177276611328125
7.071566581726074,7.1244215965271
7.058365345001221,7.09139347076416
7.051759719848633,7.0715765953063965
7.045151710510254,7.058363914489746
7.038540363311768,7.048452377319336
7.046905994415283,7.0476789474487305
7.03367805480957,7.04067850112915
7.027060031890869,7.03386926651001
7.03367805480957,7.033773899078369
7.027060031890869,7.030416965484619
6.9118781089782715,6.971147537231445
6.89876651763916,6.934957027435303
6.89876651763916,6.9168620109558105
6.885643482208252,6.901252746582031
6.86593770980835,6.8835954666137695
6.846205234527588,6.8649001121521
6.993932723999023,6.929416656494141
6.987236976623535,6.958326816558838
6.973835468292236,6.966081142425537
6.967130184173584,6.9666056632995605
6.960421562194824,6.963513374328613
7.044712543487549,7.004112720489502
7.0311598777771,7.017636299133301
7.004017353057861,7.01082706451416
6.990427494049072,7.000627040863037
6.976823806762695,6.988725662231445
7.02463960647583,7.006682395935059
7.004092216491699,7.005387306213379
6.990377426147461,6.99788236618042
6.98351526260376,6.99069881439209
6.98351526260376,6.987107276916504
7.02821159362793,7.007659435272217
7.021308898925781,7.014484405517578
7.014402389526367,7.014443397521973
7.0074920654296875,7.01096773147583
7.0074920654296875,7.009230136871338
7.014402389526367,7.011816024780273
7.0363359451293945,7.024075984954834
7.043248653411865,7.03366231918335
7.043248653411865,7.038455486297607
7.043248653411865,7.040852069854736
7.063969135284424,7.05241060256958
7.05381965637207,7.053114891052246
7.06760311126709,7.060359001159668
7.0813727378845215,7.070866107940674
7.0813727378845215,7.076119422912598
7.10200309753418,7.089061260223389
7.106878757476807,7.097970008850098
7.120575428009033,7.109272480010986
7.134259223937988,7.121766090393066
7.1410956382751465,7.131430625915527
7.16840934753418,7.1499199867248535
7.205165386199951,7.177542686462402
7.218803405761719,7.1981730461120605
7.239234924316406,7.218703746795654
7.246038913726807,7.2323713302612305
7.280007839202881,7.256189823150635
7.273709297180176,7.264949321746826
7.287221431732178,7.276085376739502
7.30072021484375,7.288403034210205
7.30072021484375,7.294561862945557
7.30072021484375,7.297640800476074
7.307465076446533,7.302553176879883
7.242092132568359,7.272322654724121
7.2554779052734375,7.263900279998779
7.262165546417236,7.263032913208008
7.282209396362305,7.272621154785156
7.28888463973999,7.280753135681152
7.311885833740234,7.296319484710693
7.311885833740234,7.304102420806885
7.311885833740234,7.3079938888549805
7.305203914642334,7.306599140167236
7.311885833740234,7.309242248535156
7.211929798126221,7.260586261749268
7.211929798126221,7.236258029937744
7.205308437347412,7.220783233642578
7.205308437347412,7.213046073913574
7.198684215545654,7.205864906311035
7.1793084144592285,7.192586898803711
7.172678470611572,7.1826324462890625
7.166045188903809,7.1743388175964355
7.172678470611572,7.173508644104004
7.172678470611572,7.173093318939209
7.172678470611572,7.172885894775391
7.148930549621582,7.160908222198486
7.14230489730835,7.151606559753418
7.13567590713501,7.143640995025635
7.13567590713501,7.139658451080322
7.129044055938721,7.1343512535095215
7.0516462326049805,7.09299898147583
7.045052528381348,7.069025993347168
7.038455963134766,7.053740978240967
7.0252532958984375,7.039496898651123
7.018647193908691,7.029072284698486
6.953286647796631,6.991179466247559
6.959856986999512,6.975518226623535
6.959856986999512,6.967687606811523
6.953286647796631,6.960487365722656
6.953286647796631,6.9568867683410645
6.837348937988281,6.897118091583252
6.837348937988281,6.8672332763671875
6.824336051940918,6.845784664154053
6.811311721801758,6.828547954559326
6.798276424407959,6.813412189483643
6.791754722595215,6.80258321762085
6.640456676483154,6.721519947052002
6.62758207321167,6.674551010131836
6.6146979331970215,6.644624710083008
6.601802349090576,6.623213291168213
6.588895797729492,6.606054306030273
6.479015350341797,6.542534828186035
6.466240882873535,6.504387855529785
6.453455448150635,6.478921890258789
6.44066047668457,6.45979118347168
6.427855014801025,6.443823337554932
6.289709091186523,6.366765975952148
6.283390522003174,6.32507848739624
6.277069568634033,6.301074028015137
6.277069568634033,6.289071559906006
6.270746231079102,6.279909133911133
6.264420509338379,6.272164821624756
6.177719593048096,6.224942207336426
6.171457290649414,6.19819974899292
6.171457290649414,6.184828758239746
6.171457290649414,6.17814302444458
6.165192604064941,6.17166805267334
6.062771797180176,6.117219924926758
6.056576728820801,6.086898326873779
6.056576728820801,6.071737766265869
6.050380706787109,6.06105899810791
6.056576728820801,6.0588178634643555
5.843105792999268,5.950962066650391
5.849123954772949,5.90004301071167
5.861153602600098,5.880598068237305
5.867165565490723,5.873881816864014
5.879182815551758,5.876532554626465
5.7142486572265625,5.795390605926514
5.72596549987793,5.760678291320801
5.737674713134766,5.749176502227783
5.743526935577393,5.746351718902588
5.749377250671387,5.747864246368408
5.577595233917236,5.662729740142822
5.588998317718506,5.625864028930664
5.600393295288086,5.613128662109375
5.611782073974609,5.612455368041992
5.623164176940918,5.617809772491455
5.628851890563965,5.623330593109131
5.5237932205200195,5.573562145233154
5.534968852996826,5.55426549911499
5.546138286590576,5.550201892852783
5.557300090789795,5.553750991821289
5.574031352996826,5.563891410827637
5.520059585571289,5.541975498199463
5.525583267211914,5.533779621124268
5.531105995178223,5.532442569732666
5.547664165496826,5.540053367614746
5.558694839477539,5.549374103546143
5.484330654144287,5.516852378845215
5.495211601257324,5.5060319900512695
5.500649929046631,5.503341197967529
5.506086826324463,5.504714012145996
5.511521816253662,5.50811767578125
5.516955375671387,5.512536525726318
5.4536614418029785,5.483098983764648
5.459036827087402,5.471067905426025
5.46441125869751,5.467739582061768
5.469784259796143,5.468761920928955
5.48052453994751,5.474643230438232
5.362917423248291,5.418780326843262
5.368185997009277,5.3934831619262695
5.368185997009277,5.380834579467773
5.368185997009277,5.374510288238525
5.368185997009277,5.3713483810424805
5.3113250732421875,5.341336727142334
5.3113250732421875,5.326330661773682
5.316546440124512,5.321438312530518
5.316546440124512,5.318992614746094
5.316546440124512,5.317769527435303
5.179956436157227,5.2488627433776855
5.179956436157227,5.214409351348877
5.174846172332764,5.19462776184082
5.174846172332764,5.184736728668213
5.174846172332764,5.179791450500488
5.015259265899658,5.097525119781494
5.015259265899658,5.056392192840576
5.025224685668945,5.04080867767334
5.035185813903809,5.037997245788574
5.040163993835449,5.039080619812012
4.871203422546387,4.955142021179199
4.880853652954102,4.91799783706665
4.880853652954102,4.899425983428955
4.871203422546387,4.885314464569092
4.861548900604248,4.87343168258667
4.861548900604248,4.867490291595459
4.717893123626709,4.792691707611084
4.713181495666504,4.752936840057373
4.713181495666504,4.733059406280518
4.708469390869141,4.72076416015625
5.135156154632568,4.927960395812988
4.9056501388549805,4.916805267333984
4.900768280029297,4.908786773681641
4.900768280029297,4.904777526855469
4.9056501388549805,4.905213832855225
4.910531044006348,4.907872200012207
4.745205402374268,4.826539039611816
4.74045991897583,4.783499240875244
4.7262187004089355,4.75485897064209
4.702463626861572,4.72866153717041
4.678683280944824,4.703672409057617
4.659641265869141,4.681656837463379
4.456222057342529,4.568939685821533
4.43781042098999,4.503375053405762
4.4332051277160645,4.468289852142334
4.423991680145264,4.446140766143799
4.414775371551514,4.430458068847656
4.233999252319336,4.332228660583496
4.216145992279053,4.274187088012695
4.20721435546875,4.240700721740723
4.193810939788818,4.21725606918335
4.175928592681885,4.196592330932617
3.9698784351348877,4.083235263824463
3.9527394771575928,4.017987251281738
3.9355897903442383,3.9767885208129883
3.922720432281494,3.949754476547241
3.914137840270996,3.931946039199829
3.6542904376983643,3.7931182384490967
3.6340320110321045,3.7135751247406006
3.6178152561187744,3.6656951904296875
4.146543025970459,3.9061191082000732
4.128093719482422,4.017106533050537
3.8887248039245605,3.952915668487549
3.8711464405059814,3.9120309352874756
3.8491580486297607,3.880594491958618
3.8271522521972656,3.8538734912872314
3.8139402866363525,3.833906888961792
3.800722599029541,3.817314624786377
3.4755516052246094,3.646433115005493
3.4592299461364746,3.5528316497802734
3.442899703979492,3.497865676879883
3.426560640335083,3.4622130393981934
3.406125068664551,3.434169054031372
3.127383232116699,3.280776262283325
3.112166166305542,3.1964712142944336
3.096942663192749,3.1467068195343018
3.081712484359741,3.1142096519470215
3.0626652240753174,3.088437557220459
2.8550214767456055,1.9163533449172974
2.8370745182037354,2.376713991165161
2.8155269622802734,2.596120595932007
2.7939674854278564,2.6950440406799316
2.7723958492279053,2.733719825744629
2.5642802715301514,2.6490001678466797
2.5474770069122314,2.598238468170166
2.9698805809020996,2.784059524536133
2.9502902030944824,2.8671748638153076
2.926767587661743,2.8969712257385254
2.9110777378082275,2.904024362564087
2.5457897186279297,2.724907159805298
2.535388946533203,2.630147933959961
2.5249857902526855,2.5775668621063232
2.5180487632751465,2.5478076934814453
2.50417160987854,2.5259897708892822
1.810041904449463,2.168015718460083
1.7973129749298096,1.9826644659042358
1.7845813035964966,1.8836228847503662
1.771847128868103,1.8277349472045898
1.7591100931167603,1.7934225797653198
1.6518914699554443,1.7226569652557373
1.6374351978302002,1.6800460815429688
1.6229757070541382,1.6515108346939087
1.6085131168365479,1.630012035369873
1.5940474271774292,1.6120296716690063
1.5062922239303589,1.5591609477996826
1.4947842359542847,1.5269726514816284
1.4855766296386719,1.5062745809555054
1.4717628955841064,1.4890187978744507
1.460249662399292,1.4746341705322266
1.4487346410751343,1.4616843461990356
1.4204295873641968,1.4410569667816162
1.413609266281128,1.427333116531372
1.4067884683609009,1.4170608520507812
1.3954191207885742,1.4062399864196777
1.3863223791122437,1.396281123161316
1.2693854570388794,1.3328332901000977
1.2630903720855713,1.2979618310928345
1.2588932514190674,1.2784274816513062
1.252597451210022,1.265512466430664
1.2463011741638184,1.2559068202972412
1.5153812170028687,1.3856439590454102
1.5102711915969849,1.4479576349258423
1.5051610469818115,1.4765592813491821
1.50005042552948,1.488304853439331
1.50005042552948,1.4941776990890503
1.5560247898101807,1.5251011848449707
1.5533753633499146,1.5392382144927979
1.5533753633499146,1.546306848526001
1.5480762720108032,1.5471915006637573
1.5427765846252441,1.5449841022491455
1.5401266813278198,1.542555332183838
1.6078544855117798,1.575204849243164
1.5995454788208008,1.5873751640319824
1.5912353992462158,1.5893052816390991
1.5856947898864746,1.587499976158142
1.5801538228988647,1.5838268995285034
1.6557761430740356,1.6198015213012695
1.6528700590133667,1.6363357305526733
1.649963617324829,1.643149733543396
1.6441503763198853,1.6436500549316406
1.632522702217102,1.6380863189697266
1.6646085977554321,1.6513473987579346
1.6527326107025146,1.6520400047302246
1.6467938423156738,1.6494169235229492
1.6438242197036743,1.6466206312179565
1.6378847360610962,1.6422526836395264
1.6425769329071045,1.6424148082733154
1.6395930051803589,1.641003966331482
1.6306408643722534,1.6358224153518677
1.6246720552444458,1.6302472352981567
2.0415475368499756,1.8358973264694214
2.0340394973754883,1.9349684715270996
2.0919413566589355,2.0134549140930176
2.0880613327026367,2.050758123397827
2.076418876647949,2.0635886192321777
2.072537422180176,2.0680630207061768
2.0686557292938232,2.068359375
2.196866512298584,2.132612943649292
2.184471368789673,2.1585421562194824
2.176206350326538,2.1673741340637207
2.1638059616088867,2.1655900478363037
2.1555373668670654,2.1605637073516846
2.158440113067627,2.1595020294189453
2.1501269340515137,2.1548144817352295
2.141812562942505,2.148313522338867
2.129338502883911,2.1388261318206787
2.121020793914795,2.1299233436584473
2.057966709136963,2.093945026397705
2.049839973449707,2.071892499923706
2.0417120456695557,2.056802272796631
2.0335826873779297,2.0451924800872803
2.029517650604248,2.0373549461364746
2.0150094032287598,2.026182174682617
2.0069186687469482,2.0165505409240723
1.998826503753662,2.007688522338867
1.99073326587677,1.9992109537124634
1.9785912036895752,1.9889010190963745
1.9704948663711548,1.9796979427337646
1.962813138961792,1.9712555408477783
1.950636863708496,1.9609462022781372
1.9384578466415405,1.9497020244598389
1.9262763261795044,1.9379891157150269
1.9181538820266724,1.9280714988708496
1.776189923286438,1.852130651473999
1.7686066627502441,1.8103686571121216
2.410365581512451,2.1103670597076416
2.4000909328460693,2.2552289962768555
2.3898143768310547,2.322521686553955
2.4401347637176514,2.3813283443450928
2.4242985248565674,2.40281343460083
2.4137375354766846,2.4082753658294678
2.40317440032959,2.4057250022888184
2.392608880996704,2.3991668224334717
2.376755475997925,2.3879611492156982
2.310462713241577,2.3492119312286377
2.279242753982544,2.314227342605591
2.242793321609497,2.278510332107544
2.2167415618896484,2.2476260662078857
2.195889949798584,2.2217578887939453
2.0727076530456543,2.1472327709198
2.0426888465881348,2.0949606895446777
2.0076451301574707,2.051302909851074
1.9826000928878784,2.016951560974121
1.962556004524231,1.9897538423538208
1.9895124435424805,1.9896330833435059
1.9639121294021606,1.976772665977478
1.9485464096069336,1.9626595973968506
1.9280521869659424,1.9453558921813965
1.9024239778518677,1.9238898754119873
1.753814697265625,1.8388522863388062
1.7346664667129517,1.786759376525879
1.7155122756958008,1.7511358261108398
1.7011429071426392,1.7261394262313843
1.681978702545166,1.7040590047836304
1.5088919401168823,1.6064754724502563
1.5002046823501587,1.5533400774002075
